"","hostnames","hostcount"
"1661","liilia",53
"1932","Gabriela de Queiroz",53
"1489","Karla",40
"1039","Riva Quiroga",39
"2207","Audrey McCombs",39
"695","Bea Hernández",36
"2013","Gwynn Sturdevant",36
"658","Hazel Kavılı",35
"697","Inés Huertas",35
"696","Leticia Martín-Fuertes",33
"811","Marianna Foos",33
"1486","Alice W",33
"351","Gina G.",32
"967","Ezgi Karaesmen",32
"1341","Sheila Saia",32
"1211","Caitlin Hudon",31
"1488","Amy Goodwin Davies",31
"2076","MarcinKosinski",31
"1814","Alexandra",30
"1143","Christina Knudson",29
"109","R-Ladies London, Ontario",28
"1040","Gaby Sandoval",27
"609","Jen",26
"460","Windhager-Pokol Eszter",25
"860","Angela Li",25
"1817","Anna Quaglieri",25
"2","Divya Seernani",24
"966","Katie Sasso",23
"1267","Kristen Chan",23
"1446","Soumya Kalra",22
"2042","Kelly O",22
"2099","Przemyslaw Biecek",22
"406","Pamela M",21
"49","Christin Zasada",20
"186","Pao Corrales",20
"1501","Darina",20
"2187","Sam Tyner",20
"554","Juliana Capitanio",19
"187","Monica",18
"457","Zsuzsanna Szabó-Krausz",18
"1569","Katerina Placek",18
"1824","Göknur",18
"2154","Anabelle Laurent",18
"863","Katherine Simeon",17
"137","Geraldine",16
"188","Florencia D'Andrea",16
"195","Priscilla Minotti",16
"492","Ágnes Salánki",16
"876","Amy Yang",16
"1404","Emily Dodwell",16
"2153","Stephanie R",16
"302","Amanda Tilot",15
"555","EP",15
"857","zaynaib giwa",15
"1212","R-Ladies Austin",15
"1490","Jessie Pluto",15
"1682","Tamuna Margievi",15
"48","Hanna",14
"303","Katie Leap",14
"390","Monica Gerber",14
"458","Böjte Berta",14
"1165","Kierstin Catlett",14
"2098","Olga",14
"3","Elisa Schneider",13
"45","Noa Tamir",13
"1036","Javiera RIFFO TORRES",13
"1037","Stephanie Orellana",13
"1323","Chiayi Yen",13
"1278","Ning/Ivy Chen",12
"1754","Kasia ",12
"487","Rita Klein",11
"1756","Grace Meyer",11
"1823","Sepideh",11
"140","Kristen Sauby",10
"161","Javi Rudolph",10
"251","Fabiana Flores",10
"256","Laura Acion",10
"694","Elen Irazabal",10
"1210","Victoria Valencia",10
"316","Amy Tzu-Yu Chen",9
"342","Katie Scranton",9
"388","Chaya Jones",9
"595","Megan Chang",9
"968","Genelle Denzin",9
"1201","Jackie",9
"1426","Gabriela Hempfling",9
"1487","Chun Su",9
"1845","Soroor",9
"1957","Ciera Martinez",9
"138","Amy",8
"389","Isabella",8
"1142","Lindsey Dietz",8
"1342","Stephanie Zimmer",8
"1815","Marie Trussart",8
"1960","Erin LeDell",8
"43","Lisa Reiber",7
"46","Olena Smotrova",7
"283","Paloma",7
"426","Rachael Tatman",7
"569","Viola Glenn",7
"919","Anne Carroll",7
"1660","Mariam Asatiani",7
"1884","Saskia Freytag",7
"184","María Nanton",6
"185","Jimena Saucedo",6
"622","Lisa Williams",6
"637","Danielle Navarro",6
"867","Scarlett Winters",6
"1075","Sara Acevedo Godoy",6
"1760","Emma Vestesson",6
"1767","Claudia Vitolo",6
"1862","Roxane Legaie",6
"2196","Tesia Posekany",6
"456","Lukácsné Szabó Gerda",5
"810","Phoebe Wong",5
"812","Mena",5
"928","Abhinaya Konduru",5
"1038","Silvia Salinas",5
"1279","Huai-Wen Mia Chang",5
"1340","Kateri Salk",5
"1364","Rolliene Mallari",5
"1391","Elaine McVey",5
"1406","Erin Grand",5
"1421","Ale Gerosa",5
"1447","Emily Robinson ",5
"1641","Katie",5
"1737","Anano",5
"1739","Nino Macharashvili",5
"1772","Hannah",5
"1783","Erle Holgersen",5
"2095","Alicja Gosiewska",5
"1","Kyla McConnell",4
"459","Eszter Pázmándi",4
"608","Indako",4
"832","Ivana",4
"952","Amanda Dobbyn",4
"1272","Angie",4
"1281","Pei Lee",4
"1362","Ezinne Nwankwo",4
"1409","Ludmila Janda",4
"1431","Brooke Watson",4
"1936","Brett",4
"1941","saishruthi swaminathan",4
"2065","Christina Brady",4
"64","Elizaveta Zinovyeva",3
"177","Punam Amratia",3
"189","Andrea Gomez Vargas",3
"246","Paola Prieto",3
"358","Meg",3
"421","Marie",3
"874","Sushmita V Gopalan",3
"906","Caroline K. Williams",3
"1405","Rika Gorn",3
"1407","kaelen l medeiros",3
"1422","Elizabeth Sweeney",3
"1731","Alessandra Moriarty",3
"1770","Fiona Spooner",3
"2123","Natalia P.",3
"2217","JD Campbell",3
"92","Ulrike",2
"304","Malcolm Barrett",2
"373","Heidi B",2
"398","Kara Woo",2
"461","Tamara Bihari",2
"463","Arató Bence",2
"620","Jennifer Sloane",2
"861","Emily Elizabeth Riederer",2
"869","Kristi Angel",2
"1003","Amanda Gadrow",2
"1127","Soledad Andrea Araya Orrego",2
"1164","Fiona Lodge",2
"1310","Dana Huang",2
"1356","Joan Combs Durso",2
"1693","David Sichinava",2
"1747","ᴡᴡᴡ.Tako-Gabaidze.xvwqg.ru",2
"1802","Victoria Carr",2
"1803","R-Ladies London",2
"1820","Nikki Rubinstein",2
"2096","Anna Kozak",2
"5","Julia Müller",1
"241","Cyn",1
"250","Natsu Sh.",1
"275","Cecilia Raggio",1
"391","Katie Jolly",1
"394","Jenny",1
"402","Megsie S.",1
"440","Liz Kellogg",1
"513","Czeller Ildikó",1
"563","Katie Heineman",1
"596","Liesel Spangler",1
"602","Kylie Curtis",1
"603","Corey C.",1
"615","Belinda",1
"616","Sarah Walker",1
"629","Sarah R",1
"630","Emi Tanaka",1
"633","Heidi Han",1
"654","Steph de Silva",1
"669","Hande Bitrim",1
"735","Virginia Peon",1
"809","Mara Alexeev",1
"858","Aarthi Vemuri",1
"859","Abby Smith",1
"862","Winnie Cai",1
"958","Stephanie",1
"972","Tim Wilson",1
"1004","B Moreland",1
"1027","Jim Hughes",1
"1108","Stefanni Cavaletto",1
"1156","sharm636 University of Minnesota",1
"1162","Lisa",1
"1183","Heather Lendway",1
"1247","Emily Bartha",1
"1271","Tricia",1
"1274","Summit Suen",1
"1276","邱宏瑋",1
"1280","Frank Lin",1
"1286","Eric Shangkuan",1
"1290","Claire Tsao",1
"1294","Rachael Pai",1
"1298","Szu-ying Lee",1
"1300","Yi-Fan",1
"1319","Mindy Huang",1
"1374","Talqa",1
"1389","Khai Zaw",1
"1417","Ayanthi Gunawardana",1
"1453","Joyce Robbins",1
"1475","Birunda Chelliah",1
"1616","Mary Lennon",1
"1659","Elvira N",1
"1674","Lika Zhvania",1
"1782","Teresa Del Bianco",1
"1805","Dawn",1
"1808","Louise Usher",1
"1812","Rachel",1
"1813","Ming Kong",1
"1850","Fiona Milne",1
"1881","Di Cook",1
"1934","Shane Auerbach",1
"1955","Olivia Chen",1
"2010","T. Libman",1
"2075","Pri Oberoi",1
"2201","Heike Hofmann",1
"2243","Andeek",1
"2256","Natalia da Silva",1
